,main_artist,main_artist_ig,main_artist_tt,main_artist_yt
0,Lil Durk,lildurk,lildurk,@LilDurk
1,Vince Guaraldi Trio,vinceguaraldimusic,vinceguaraldi,@VinceGuaraldiMusic
2,Roddy Ricch,roddyricch,roddyricch,@RoddyRicch
3,Kelly Clarkson,kellyclarkson,kellyclarksonshow,@kellyclarkson
4,Acraze,acraze,acrazemusic,@ACRAZEOFFICIAL
5,Carolina Gaitan,lagaita,lagaitagaitan,@LaGaita
6,Jessica Darrow,jessdarrow_,jessdarrow_,@JessicaDarrowOfficial
7,V,thv,,
8,Muni Long,munilong,munilong,@MuniLong
9,Emmy Meli,emmymelimusic,emmymelimusic,@emmymelienergy
10,Ari Lennox,arilennox,arilennox,@arilennox
11,Dierks Bentley,dierksbentley,dierksbentley,@dierksbentley
12,Sam Hunt,samhuntmusic,samhuntmusic,@SamHunt
13,Stephanie Beatriz,stephaniebeatriz,stephaniebeatriz,
14,Diane Guerrero,dianexguerrero,,@DianeGuerrero
15,ERNEST,ernest,ernest,@ernest
16,Lauren Spencer-Smith,laurenspencersmith,laurenspencersmith,@laurenspencersmith
17,Sebastian Yatra,sebastianyatra,sebastianyatra,@SebastianYatra
18,Walker Hayes,walkerhayes,walkerhayesofficial,@WalkerHayes
19,Russell Dickerson,russelldickerson,russelldickersonofficial,@RussellDTV
20,Blake Shelton,blakeshelton,blakeshelton,@blakeshelton
21,YoungBoy Never Broke Again,nba_youngboy,nbayoungboy,@NbaYoungBoy
22,The Walters,thewalters_,thewaltersband,@TheWaltersBand
23,Carly Pearce,carlypearce,carlypearce,@CarlyPearceOfficial
24,Gunna,gunna,gunna,@GunnaOfficial
25,The Weeknd,theweeknd,theweeknd,@TheWeeknd
26,Maren Morris,marenmorris,marenmorris,@marenmorris
27,The Game,losangelesconfidential,losangelesconfidential,@TheGameVideo
28,Rod Wave,rodwave,rodwave,@RodWaveOfficial
29,Chris Brown,chrisbrownofficial,chrisbrownofficial,@ChrisBrownTV
30,Cole Swindell,coleswindell,coleswindellofficial,@ColeSwindell
31,Jason Aldean,jasonaldean,jasonaldeanmusic,@JasonAldean
32,JID,jidsv,jidsv,@jid6871
33,Charlie Puth,charlieputh,charlieputh,@charlieputh
34,Internet Money,internetmoneyrecords,internetmoney,@InternetMoneyRecords
35,Key Glock,keyglock,keyglockreal,@Gli5ock
36,Yung Bleu,bleuvandross,yungbleuvandross,@bleuvandross
37,Gucci Mane,laflare1017,icedaddy1017,@guccimane
38,The Chainsmokers,thechainsmokers,thechainsmokers,@THECHAINSMOKERS
39,Benny The Butcher,getbenny,bennythebutcher,@bennythebutcher9863
40,Fireboy DML,fireboydml,fireboydml,@fireboydml
41,Miranda Lambert,mirandalambert,mirandalambert,@mirandalambert
42,NLE Choppa,nlechoppamusic,nlethegreat1,@NLECHOPPA
43,XXXTENTACION,xxxtentacion,,@xxxtentacion
44,Em Beihold,embeihold,embeihold,@EmBeihold
45,Jaymes Young,jaymesyng,jaymesyoungofficial,@JaymesYoung
46,Tiesto,tiesto,tiesto,@tiesto
47,Megan Thee Stallion,theestallion,theestallion,@megantheestallion
48,Carlos Vives,carlosvives,carlosvives,@carlosvives
49,Nicki Minaj,nickiminaj,nickiminaj,@nickiminaj
50,King Von,kingvonfrmdao,kingvonfrmdao1,@kingvon8062
51,Juice WRLD,juicewrld999,juicewrld999,@JuiceWRLD
52,Tate McRae,tatemcrae,tatemcrae,@TateMcRae
53,YG,yg,yg,@YG-vj2kq
54,Machine Gun Kelly,machinegunkelly,mgk,@mgk
55,Red Hot Chili Peppers,chilipeppers,chilipeppers,@RedHotChiliPeppers
56,$NOT,snot,snot,@SNOT999
57,Queen Naija,queennaija,queennaija,@QueenNaija
58,Alesso,alesso,alesso,@alesso
59,Becky G,iambeckyg,iambeckyg,@beckyg
60,Ed Sheeran,teddysphotos,edsheeran,@EdSheeran
61,Future,,plutoouttahere,@officialfuturevideos
62,Fivio Foreign,fivioforeign_8fs,fivioforeign,@fivioforeign
63,Dove Cameron,dovecameron,dovecameron,@dove_cameron
64,Mary J. Blige,therealmaryjblige,maryjblige,@maryjbligemusic
65,Saweetie,saweetie,saweetie,@OfficialSaweetieMusic
66,Jung Kook,jungkook.97,jungkook,
67,Jack Harlow,jackharlow,missionaryjack,@JackHarlow
68,Yeat,yeat,,@yeatmusic3280
69,Jessie Murph,jessiemurphhh,jessiemurphhh,@JessieMurph
70,HARDY,hardy,hardy,@HARDYmusic
71,Tyga,tyga,tyga,@TygaTygaTV
72,Labrinth,labrinth,labrinth,@labrinth
73,Kodak Black,kodakblack,kodakblack,@KodakBlack
74,JNR CHOI,jnrchoi,jnrchoi,@JNRCHOI
75,Lil Shordie Scott,shordiescott,,@lilshordiescott
76,Camila Cabello,camila_cabello,camilacabello,@camilacabello
77,Russ,russ,russ,@russ
78,DaBaby,dababy,dababy,@dababy
79,Kevin Gates,iamkevingates,iamkevingates,@kevingatesTV
80,Nirvana,nirvana,,@nirvana
81,Imagine Dragons,imaginedragons,imaginedragons,@ImagineDragons
82,Coi Leray,coileray,coileray,@coileray
83,4*TOWN (From Disney And Pixar's Turning Red),,,
84,Carrie Underwood,carrieunderwood,carrieunderwood,@carrieunderwood
85,AnnenMayKantereit,annenmaykantereit,annenmaykantereit,@AnnenMayKantereit
86,Lucky Daye,iamluckydaye,luckydaye,@luckydaye9925
87,BoyWithUke,boywithuke,boywithuke,@boywithukeofficial
88,Yahritza Y Su Esencia,yahritzaysuesencia,yahritzaysuesencia,@YahritzaYSuEsencia
89,Daddy Yankee,daddyyankee,daddyyankee,@DaddyYankee
90,Anitta,anitta,anitta,@anitta
91,J Balvin,jbalvin,jbalvin,@jbalvin
92,Harry Styles,harrystyles,hshq,@HarryStyles
93,Lil Tjay,liltjay,liltjay,@liltjay
94,Shawn Mendes,shawnmendes,shawnmendes,@shawnmendes
95,Scotty McCreery,scottymccreery,scottymccreery,@smccreeryofficial
96,Parmalee,parmaleemusic,officialparmalee,@ParmaleeMusic
97,5 Seconds Of Summer,5sos,5sos,@5SOS
98,Rauw Alejandro,rauwalejandro,rauwalejandro,@RauwAlejandroTv
99,Lil Baby,lilbaby,lilbaby,@LilBabyATL
100,BIA,bia,bia,@BIABIAofficial
101,42 Dugg,42_dugggg,,@42duggmusic50
102,Chloe,chloebailey,chloebaileywashere,@chloebaileywashere
103,Pusha T,kingpush,pusha_t,@PUSHATgood
104,BRELAND,breland,breland,@Breland
105,Morgan Wallen,morganwallen,morganwallen,@morganwallen
106,Lizzo,lizzobeeating,lizzo,@Lizzo
107,Kay Flock,officialkayflocka,,@kayflock7152
108,6ix9ine,6ix9ine,6ix9ine,@6ix9ine
109,Kane Brown,kanebrown,kanebrown,@KaneBrown
110,Bailey Zimmerman,bailey.zimmerman,bailey.zimmerman,@BaileyZimmerman
111,The Kid LAROI,thekidlaroi,thekidlaroi,@TheKidLAROI
112,Karol G,karolg,karolg,@KarolG
113,Zach Bryan,zachlanebryan,zachlanebryan,@zachbryan1067
114,Southside,808mafiaboss,808mafiaboss,@808MafiaTV
115,Luke Combs,lukecombs,lukecombs,@lukecombs
116,Justin Bieber,lilbieber,justinbieber,@justinbieber
117,PSY,42psy42,42psy42,@officialpsy
118,Benson Boone,bensonboone,bensonboone,@BensonBoone
119,Sam Smith,samsmith,samsmith,@samsmith
120,Bad Bunny,badbunnypr,badbunny,@BadBunnyPR
121,Kendrick Lamar,kendricklamar,,@kendricklamar
122,Taylor Swift,taylorswift,taylorswift,@TaylorSwift
123,Lady Gaga,ladygaga,ladygaga,@LadyGaga
124,Nate Smith,natesmith,natesmithmusic,@natesmithmusic
125,Post Malone,postmalone,postmalone,@postmalone
126,Quavo,quavohuncho,quavohuncho,@quavohuncho5077
127,Ella Mai,ellamai,ellamai,@ellamai
128,Kanye West,kanyewest,,@KanyeWest
129,SleazyWorld Go,sleazyworld_go,sleazyyworld_go,@sleazyworld_go
130,Moneybagg Yo,moneybaggyo,moneybaggyo,@MoneyBaggYoOfficial
131,Sleepy Hallow,thesleepyhallow,sleepyhallowx3,@SleepyHallow
132,Calvin Harris,calvinharris,calvinharris,@CalvinHarris
133,Nicky Youre,nickyyoure,nickyyoure,@NickyYoure
134,Hitkidd,hitkidd,,@HitkiddWIDM
135,Keith Urban,keithurban,keithurban,@KeithUrban
136,Jon Pardi,jonpardi,jonpardi,@JonPardi
137,Tim McGraw,thetimmcgraw,timmcgraw,@timmcgraw
138,Stephen Sanchez,stephensanchezofficial,stephensanchezofficial,@stephensanchezofficial
139,Polo G,polo.capalot,pologofficial,@polog
140,Doja Cat,dojacat,dojacat,@dojacat
141,Shakira,shakira,shakira,@Shakira
142,Joji,sushitrash,joji,@joji
143,BTS,bts.bighitofficial,bts_official_bighit,@BTS
144,Pharrell Williams,pharrell,pharrell,@Pharrell
145,Halsey,iamhalsey,halsey,@halsey
146,OneRepublic,onerepublic,onerepublic,@OneRepublic
147,Tyler Hubbard,tylerhubbard,tylerhubbard,@TylerHubbardOfficial
148,Dylan Scott,dylanscottcountry,dylanscottcountry,@DylanScottCountry
149,Drake,champagnepapi,,@DrakeOfficial
150,Beyonce,beyonce,beyonce,@beyonce
151,Corey Kent,coreykent,coreykent,@CoreyKentofficial
152,Lil Nas X,lilnasx,lilnasx,@lilnasx
153,Eminem,eminem,eminem,@eminem
154,Cardi B,iamcardib,iamcardib,@cardib
155,Metallica,metallica,metallica,@metallica
156,Jelly Roll,jellyroll615,officialjellyroll,@JellyRoll
157,City Girls,citygirls,citygirls,@CityGirls
158,Ingrid Andress,ingridandress,ingridandress,@IngridAndress
159,Luke Bryan,lukebryan,lukebryan,@lukebryan
160,j-hope,uarmyhope,iamurhope,
161,Marshmello,marshmello,marshmello,@marshmello
162,Jake Owen,jakeowenofficial,jakeowen,@jakeowen
163,Sia,siamusic,sia,@sia
164,Steve Lacy,steve.lacy,steve.lacy,@stevelacy119
165,Brent Faiyaz,brentfaiyaz,brentfaiyaz,@thebrentfaiyaz
166,Yung Gravy,yunggravy,yunggravy,@yunggravy
167,Burna Boy,burnaboygram,burnaboyofficial,@BurnaBoy
168,Mitchell Tenpenny,m10penny,m10penny,@m10penny
169,Tems,temsbaby,temsbaby,@temsbaby
170,Chris Young,chrisyoungmusic,chrisyoungmusic,@ChrisYoung
171,Gabby Barrett,gabbybarrett_,gabbybarrettofficial,@gabbybarrett
172,Billie Eilish,billieeilish,billieeilish,@BillieEilish
173,John Rich,johnrichofficial,officialjohnrich_,@johnrichmusic
174,Justin Moore,justincolemoore,justinmoore,@justinmoore
175,Mac Miller,macmiller,,@macmiller
176,Bizarrap,bizarrap,bizarrap,@Bizarrap
177,NAV,nav,nav,@NAV
178,Jax,jax,jaxwritessongs,@jaxwritessongs
179,Nardo Wick,nardowick,nardowick,@NardoWick
180,DJ Khaled,djkhaled,djkhaled,@DJKhaledOfficial
181,benny blanco,itsbennyblanco,itsbennyblanco,@bennyblanco
182,Trippie Redd,trippieredd,trippieatplay,@trippieredd5093
183,Rosalia,rosalia.vt,rosalia,@rosalia
184,Jordan Davis,jordandavisofficial,jordandavismusic,@jordandavisofficial
185,BLACKPINK,blackpinkofficial,bp_tiktok,@BLACKPINK
186,Offset,offsetyrn,offsetyrn,@OFFSETYRN
187,Jackson Dean,thejacksondean,thejacksondean,@TheJacksonDean
188,Thomas Rhett,thomasrhettakins,thomasrhett,@thomasrhettmusic
189,Demi Lovato,ddlovato,ddlovato,@demilovato
190,Rosa Linn,rosalinnmusic,rosalinnmusic,@rosalinn
191,Lee Brice,leebrice,leebrice,@LeeBriceMusic
192,Manuel Turizo,manuelturizo,manuelturizoz,@ManuelTurizoMTZ
193,Elton John,eltonjohn,eltonjohn,@EltonJohn
194,JVKE,itsjvke,jvke,@JVKE
195,David Guetta,davidguetta,davidguetta,@davidguetta
196,d4vd,d4vddd,d4vdd,@d4vd
197,Rema,heisrema,badboyrema,@heisrema
198,Armani White,armaniblanco,armaniblanco,@ArmaniWhite
199,Romeo Santos,romeosantos,romeosantos,@romeo
200,Ghost,thebandghost,thebandghost,@thebandGhost
201,Omar Apollo,omar.apollo,omar.apollo,@OmarApollo
202,Little Big Town,littlebigtown,littlebigtown,@littlebigtown
203,EST Gee,est.gee,est.gee,@ESTGee
204,GloRilla,glorillapimp,glorilla03,@theofficialGloRilla
205,Zac Brown Band,zacbrownband,zacbrownband,@zacbrownband
206,AJR,ajrbrothers,ajrbrothers,@ajr
207,Grupo Frontera,grupofrontera,grupofrontera,@GrupoFronteraOficial
208,Jimmie Allen,jimmieallen,jimmieallenmusic,@jimmieallen
209,Megan Moroney,megmoroney,megmoroney,@meganmoroney
210,Diddy,diddy,diddy,@diddy
211,Lewis Capaldi,lewiscapaldi,lewiscapaldi,@LewisCapaldi
212,Lil Yachty,lilyachty,lilyachty,@lilyachty
213,Blink-182,blink182,blink182,@blink182
214,Lil Uzi Vert,liluzivert,liluzivert,@LILUZIVERT
215,Meghan Trainor,meghantrainor,meghantrainor,@MeghanTrainor
216,Oliver Tree,olivertree,olivertree,@OliverTree
217,Rihanna,badgalriri,rihanna,@rihanna
218,SZA,sza,sza,@sza
219,Jin,jin,,
220,21 Savage,21savage,21savage,@21savage
221,Selena Gomez,selenagomez,selenagomez,@selenagomez
222,Lainey Wilson,laineywilsonmusic,laineywilson,@LaineyWilson
223,Metro Boomin,metroboomin,metroboomin,@metroboomin
224,Arcangel,arcangel,arcangel,@Arcangel
225,RM,rkive,,
226,RAYE,raye,raye,@RAYEofficial
227,A Boogie Wit da Hoodie,aboogievsartist,artisthbtl,@ABoogieWitdaHoodie
228,Pentatonix,ptxofficial,pentatonix,@PTXofficial
229,Nengo Flow,nengoflowofficial,nengoflow.official,@nengoflow
230,Carin Leon,carinleonoficial,carinleonoficial,@carinleonoficial
231,Fuerza Regida,fuerzaregida,fuerzaregida,@FUERZAREGIDA
232,Parker McCollum,parkermccollum,parkermccollum,@ParkerMcCollum
233,Tory Lanez,torylanez,torylanez,@torylanez
234,Hotel Ugly,hotelugly,hotel_ugly,@HotelUgly
235,NewJeans,newjeans_official,newjeans_official,@NewJeans_official
236,Brett Young,brettyoungmusic,brettyoungmusic,@BrettYoungMusic
237,Miley Cyrus,mileycyrus,mileycyrus,@MileyCyrus
238,Sabrina Carpenter,sabrinacarpenter,sabrinacarpenter,@sabrinacarpenter
239,TAEYANG,__youngbae__,taeyang,@TAEYANG_OFFICIAL
240,Cody Johnson,codyjohnson,cojonation,@CodyJohnson
241,Mac DeMarco,macsrecordlabel,,@macdemarco
242,Kali Uchis,kaliuchis,kaliuchis,@KALIUCHIS
243,Ice Spice,icespice,icespicee,@IceSpice
244,TWICE,twicetagram,twice_tiktok_official,@TWICE
245,Gabito Ballesteros,gabitoballesteros,gabitoballesteros,@gabitoballesteros_
246,Finesse2Tymes,1finesse2tymes,1finesse2tymes1,@finesse2tymes1
247,ThxSoMch,thxsomch,thxsomch,@thxsomchh
248,Junior H,juniorh,,@JuniorH_Oficial
249,Ozuna,ozuna,ozuna,@Ozuna
250,P!nk,pink,pinkofficial,@PinkVideoVault
251,PinkPantheress,pinkpantheress,pinkpantheress,@Pinkpantheress
252,Peso Pluma,pesopluma,therealpesopluma,@pesopluma_oficial
253,Falling In Reverse,fallinginreverse,fallinginreverse,
254,Yandel,yandel,yandel,@yandel
255,Linkin Park,linkinpark,linkinpark,@LinkinPark
256,Superstar Pride,superstarpride,superstarpride,@SuperstarPrideTV
257,NF,nfrealmusic,nfrealmusic,@NFrealmusic
258,Toosii,toosii,toosii,@Toosii2x
259,Niall Horan,niallhoran,niallhoran,@NiallHoran
260,Lizzy McAlpine,lizzymcalpine,lizzymcalpine,@LizzyMcAlpine
261,Latto,latto,latto777,@Latto777
262,Lil Wayne,liltunechi,lilwayne,@lilwayne
263,Don Toliver,dontoliver,dontolivermusic,@dontolivermusic
264,Eslabon Armado,eslabonarmadooficial,eslabonarmadooficial,@EslabonArmado
265,Jimin,j.m,,
266,Hozier,hozier,hozierofficial,@hozier
267,Yng Lvcas,yng_lvcas,ynglvcas,@Yng_lvcas
268,Chino Pacas,chinito_pacas,chinito_pacass,@ChinoPacas_
269,Eladio Carrion,eladiocarrion,eladiocarrioneldelah,@EladioCarrion
270,Coco Jones,cocojones,cocojones,@cocojones
271,Melanie Martinez,littlebodybigheart,littlebodybigheart,@MelanieMartinez
272,Fifty Fifty,we_fiftyfifty,we_fiftyfifty,@WE_FIFTYFIFTY
273,Lola Brooke,lola.brooke,lolabrooke5,@LolaBrooke718
274,"Tyler, The Creator",feliciathegoat,,@TylerTheCreator
275,Old Dominion,olddominionmusic,olddominionband,@OldDominionMusic
276,Kanii,kanii_o,kanii_o,@Kaniio
277,Jack Black,jackblack,jackblack,
278,David Kushner,david.kushner,davidkushner,@david.kushner
279,Grupo Marca Registrada,grupomarcaregistrada,grupomarcaregistrada,@GrupoMarcaRegistrada
280,Kim Petras,kimpetras,kimpetras,@kimpetras
281,Agust D,agustd,,
282,Jonas Brothers,jonasbrothers,jonasbrothers,@JonasBrothers
283,Libianca,iamlibianca,iamlibianca,@IAMLIBIANCA
284,Kali,kaliii,kaliyaashley,@kaliii
285,Anuel AA,anuel,anuel,@AnuelAA
286,Lil Mabu,lilmabu,lilmabu,@LilMabu
287,Doechii,doechii,iamdoechii_,@IamdoechiiTV
288,Hailey Whitters,haileywhitters,haileywhitters,@HaileyWhittersMusic
289,Lana Del Rey,honeymoon,lanadelrey,@LanaDelRey
290,Summer Walker,summerwalker,summerwalker,@summerwalker
291,Dan + Shay,danandshay,danandshay,@DanAndShay
292,Dua Lipa,dualipa,dualipaofficial,@dualipa
293,Sexyy Red,sexyyred,sexyyred314,@SexyyRed
294,Young Nudy,youngnudy,pde_youngnudy,@YoungNudy
295,Noah Kahan,noahkahanmusic,noahkahanmusic,@NoahKahan
296,El Alfa,elalfaeljefe,elalfaeljeferd,@ElAlfaElJefeTV
297,Baby Keem,keem,,@babykeem
298,Feid,feid,ferxxo444,@Feid
299,Young Thug,thuggerthugger1,thuggerthugger1,@youngthug
300,Olivia Rodrigo,oliviarodrigo,livbedumb,@OliviaRodrigo
301,Tainy,tainy,tainy,@Tainy
302,Fall Out Boy,falloutboy,falloutboy,@FallOutBoy
303,FendiDa Rappa,fendidarappa_,fendidarappa,@FendiDaRappa
304,Myke Towers,myketowers,myketowers,@MykeTowers
305,Troye Sivan,troyesivan,troyesivan,@TroyeSivan
306,Ryan Castro,ryancastror,ryancastror,@RyanCastro
307,Rylo Rodriguez,rylorodriguez,rylorodriguez,@RyloRodriguez
308,That Mexican OT,thatmexicanot,thatmexicanot,@ThatMexicanOT
309,Travis Scott,travisscott,travisscott,@TravisScottXX
310,Chris Stapleton,chrisstapleton,chrisstapleton,@ChrisStapleton
311,Diplo,diplo,diplo,@Diplo
312,Charli xcx,charli_xcx,charli_xcx,@CharliXCX
313,Ryan Gosling,,,
314,Tyler Childers,timmytychilders,timmytychilders,@TylerChilders
315,Ivan Cornejo,ivancornejoo,ivancornejomusic,@IvanCornejo
316,Usher,usher,usher,@Usher
317,Oliver Anthony Music,oliver_anthony_music,oliveranthonymusic,@OliverAnthonyMusic
318,Warren Zeiders,warrenzeiders,warrenzeiders,@WarrenZeiders
319,Dominic Fike,dominicfike,dominicfike,@DominicFike
320,Teddy Swims,teddyswims,teddyswims,@TeddySwims
321,Victoria Monet,victoriamonet,victoriamonet,@VictoriaMonet
322,Calle 24,calle24oficial,calle24oficial,@Calle24
323,Timbaland,timbaland,timbaland,@Timbaland
324,Kenya Grace,kenyagrace,kenyagrace,@KenyaGrace
325,Paul Russell,paulrussellmusic,paulrussellmusic,@PaulRussell
326,Lil Tecca,liltecca,liltecca,@LilTecca
327,Mitski,mitskileaks,mitskileaks,@Mitski
328,Maluma,maluma,maluma,@Maluma
329,*NSYNC,nsync,nsync,@NSYNC
330,Tyla,tyla,tyla,@Tyla
331,Rick Ross,richforever,richforever,@RickRoss
332,Dustin Lynch,dustinlynchmusic,dustinlynchmusic,@DustinLynch
333,The Citizens of Halloween,,,
334,The Beatles,thebeatles,thebeatles,@TheBeatles
335,Stray Kids,realstraykids,jypestraykids,@StrayKids
336,Riley Green,rileyduckman,rileyduckman,@RileyGreenMusic
337,310babii,310babii,310babii,@310babii
338,Andre 3000,andre3000,,@andre3000
339,BigXthaPlug,bigxthaplug,bigxthaplug,@BigXthaPlug
340,Xavi,xaviiioficial,xaviiioficial,@XaviMusic
341,Flo Milli,flomillishit,flomillishit,@FloMilli
342,George Birge,georgebirge,georgebirge,@GeorgeBirge
343,The Red Clay Strays,redclaystrays,redclaystrays,@TheRedClayStrays
344,Cher,cher,cher,@Cher
345,Jackson 5,,,@thejacksonslegacy
346,Perry Como,,,@PerryComo
347,Chayce Beckham,chaycebeckhammusic,chaycebeckhammusic,@ChayceBeckham
348,Sophie Ellis-Bextor,sophieellisbextor,sophie_eb,@SophieEllisBextor
349,4Batz,4batz,4batz,@4Batz
350,Dylan Gossett,dylangossettt,dylangossett,@DylanGossett
351,Fridayy,fridayy,fridayy,@Fridayy
352,Tee Grizzley,teegrizzley,teegrizzley,@TeeGrizzley
353,Ariana Grande,arianagrande,arianagrande,@ArianaGrande
354,Oscar Ortiz,oscarortizmusica,oscarortizmusica,@OscarOrtiz
355,Tom MacDonald,hangovergang,hangovergang,@TomMacDonald
356,Justin Timberlake,justintimberlake,justintimberlake,@JustinTimberlake
357,YG Marley,ygmarley,ygmarley,@YGMarley
358,Good Neighbours,goodneighboursband,goodneighboursband,@GoodNeighboursBand
359,Rich Amiri,richamiri,richamiri,@RichAmiri
360,Conner Smith,connersmithmusic,connersmithmusic,@ConnerSmithMusic
361,Christian Nodal,nodal,nodal,@ChristianNodal
362,Chris Janson,thechrisjanson,thechrisjanson,@ChrisJanson
363,Billy Joel,billyjoel,,@billyjoel
364,BossMan Dlow,bossman_dlow,bossmandlow,@BossmanDlow
365,Michael Marcagi,michaelmarcagi,michaelmarcagi,@MichaelMarcagi
366,Bryson Tiller,brysontiller,brysontiller,@BrysonTiller
367,Djo,djotime,djo,@Djo
368,Tucker Wetmore,tuckerwetmore,tuckerwetmore,@TuckerWetmore
369,LE SSERAFIM,le_sserafim,lesserafim_official,@LESSERAFIM_official
370,Twenty One Pilots,twentyonepilots,twentyonepilots,@twentyonepilots
371,Pharrell,pharrell,pharrell,@Pharrell
372,Dasha,dashanicsmusic,dashamusic,@DashaMusic
373,Kacey Musgraves,spaceykacey,spaceykacey,@KaceyMusgraves
374,Bryan Martin,bryanmartinofficial,bryanmartinofficial,@BryanMartin
375,FloyyMenor,floyy.menor,floymenor,@FloyyMenor
376,Artemas,artemas,artemasmusic,@Artemas
377,Joyner Lucas,joynerlucas,joynerlucas,@JoynerLucas
378,J. Cole,realcoleworld,,@JColeNC
379,Bakar,bakarrrr,bakarrrr,@Bakar
380,Chappell Roan,chappellroan,chappellroan,@ChappellRoan
381,ILLIT,illit_official,illit_official,@ILLIT_official
382,Shaboozey,shaboozey,shaboozey,@Shaboozey
383,Lay Bankz,laybankz,laybankz,@LayBankz
384,Ken Carson,kencarson,kencarson,@KenCarson
385,$uicideboy$,suicideboys,suicideboys,@Suicideboys
386,Tommy Richman,tommyrichman,tommyrichman,@TommyRichman
387,JT,thegirljt,thegirljt,@ThegirlJT
388,Mark Ambor,markambor,markambor,@MarkAmbor
389,Luis R Conriquez,luisrconriquez,luisrconriquez,@LuisRConriquez
390,Kenny Chesney,kennychesney,kennychesney,@KennyChesney
391,Myles Smith,mylesmith_,mylessmith,@MylesSmith
392,Koe Wetzel,koe_wetzel,koewetzel,@KoeWetzel
393,Shoreline Mafia,shorelinemafia,shorelinemafia,@ShorelineMafia
394,Central Cee,centralcee,centralcee,@CentralCee
395,Cris Mj,cris_emejota,cris_mj,@CrisMj
396,Kehlani,kehlani,kehlani,@Kehlani
397,Ashley Cooke,theashleycooke,theashleycooke,@AshleyCooke
398,Tinashe,tinashenow,tinashenow,@Tinashe
399,Gracie Abrams,gracieabrams,gracieabrams,@GracieAbrams
400,Ella Langley,ellalangley,ellalangley,@EllaLangley
401,Mustard,mustard,mustard,@DJMustard
402,Jordan Adetunji,jordanadetunji,jordanadetunji,@JordanAdetunji
403,Coldplay,coldplay,coldplay,@Coldplay
404,Kelsea Ballerini,kelseaballerini,kelseaballerini,@KelseaBallerini
405,LISA,lalalalisa_m,lalalalisa_m,@lalalalisa_m
406,Childish Gambino,childishgambino,,@ChildishGambino
407,Katy Perry,katyperry,katyperry,@KatyPerry
408,BossMan DLow,bossman_dlow,bossmandlow,@BossManDlow
409,Real Boston Richey,realbostonrichey,realbostonrichey,@RealBostonRichey
410,Sevdaliza,sevdaliza,sevdaliza,@Sevdaliza
411,Hanumankind,hanumankind,hanumankind,@Hanumankind
412,Royel Otis,royelotis,royelotis,@RoyelOtis
413,A$AP Rocky,asaprocky,asaprocky,@asaprocky
414,Richy Mitch,rmfb_band,,@RMFCTV
415,Drew Baldridge,drewbaldridgemusic,drewbaldridgemusic,@DrewBaldridgeMusic
416,Gigi Perez,gigiperezmusic,gigiperezmusic,@gigiperezmusic
417,Chase Matthew,chasematthew,chasematthew,@chasematthew
418,Tito Double P,titodoublep,titodoublep,@TitoDoubleP
419,Addison Rae,addisonraee,addisonre,@addisonrae
420,Surf Curse,surfcurse,surfcurse,@surfcurse
421,Playboi Carti,playboicarti,playboicarti,@PlayboiCarti
422,Zach Top,zach_top,zachtop,@ZachTopMusic
423,Alex Warren,alexwarren,alexwarren,@alexwarren
424,The Marias,themarias,themarias,@TheMarias
425,Odetari,odetari,odetari,@odetarimusic
426,KSI,ksi,ksi,@KSI
427,Jennie,jennierubyjane,jennierubyjane,@jennierubyjane
428,ROSE,roses_are_rosie,roses_are_rosie,@roses_are_rosie
429,Oscar Maydon,oscarmaydonn,oscarmaydon,@OscarMaydon
430,Brandon Lake,brandonlake,brandonlakemusic,@BrandonLake
431,Loe Shimmy,loeshimmy,loeshimmy,@LoeShimmy
432,Brooks & Dunn,brooksanddunn,brooksanddunn,@BrooksAndDunn
433,Cynthia Erivo,cynthiaerivo,cynthiaerivo,@CynthiaErivo
434,Jonathan Bailey,jbayleaf,,
435,Stromae,stromae,stromae,@Stromae
436,Laufey,laufey,laufey,@Laufey
437,Lola Young,lolayoung,lolayoungmusic,@LolaYoung
438,Sam Barber,sam_barber_music,sam_barber_music,@SamBarberMusic
439,Michael Buble,michaelbuble,michaelbuble,@MichaelBuble
440,Darlene Love,darleneloveworld,,
441,Gwen Stefani,gwenstefani,gwenstefani,@GwenStefani
442,Kesha,iiswhoiis,iiswhoiis,@Kesha
443,Neton Vega,netonvegaoficial,,
444,Dylan Marlowe,dylanmarlowemusic,dylanmarlowemusic,@DylanMarloweMusic
445,Ty Myers,,,
446,Gelo,,,
447,CHRYSTAL,chrystaltheartist,,
448,Imogen Heap,imogenheap,imogenheapmusic,@ImogenHeap
449,Leon Thomas,leonthomas,leonthomas,@LeonThomas
450,JENNIE,jennierubyjane,jennierubyjane,@jennierubyjane
451,Giveon,giveon,giveon,@Giveon
452,PARTYNEXTDOOR,partynextdoor,partynextdoor,@PARTYNEXTDOOR
453,Pimmie,pimmie,,
454,Bhad Bhabie,bhadbhabie,bhadbhabie,@BhadBhabie
455,Aleman,alemanhh,aleman_oficial,@AlemanOficial
456,Sleep Token,sleep_token,sleep_token,@SleepToken
457,John Morgan,johnmorganmusic,johnmorganmusic,@JohnMorganMusic
458,Ravyn Lenae,ravynlenae,ravynlenae,@RavynLenae
459,sombr,sombr.wav,,
460,LOCASH,locash,locash,@LOCASH
461,Malcolm Todd,malcolmtodd,malcolmtodd,@MalcolmTodd
462,Eric Church,ericchurchmusic,ericchurchmusic,@EricChurch
463,Forrest Frank,forrestfrank,forrestfrank,@ForrestFrank
464,PLUTO,,,
465,Hudson Westbrook,,,
466,Lorde,lordemusic,lordemusic,@Lorde
467,Chuckyy,,,
468,Mariah The Scientist,mariahthescientist,mariahthescientist,@MariahTheScientist
469,Maroon 5,maroon5,maroon5,@Maroon5
470,KATSEYE,katseyeofficial,katseyeofficial,
471,wifiskeleton,wifiskeleton,,
472,MOLIY,moliyofficial,moliy,@MoliyMusic
473,Max McNown,maxmcnown,maxmcnown,@MaxMcNown
474,Mariah Carey,mariahcarey,mariahcarey,@MariahCarey
475,ATEEZ,ateez_official_,ateez_official_,@ATEEZofficial
476,Josh Ross,joshrossmusic,joshrossmusic,@JoshRossMusic
477,Saja Boys,,,
478,HUNTR/X,,,
479,Rumi,,,
480,BabyChiefDoit,,,
481,G Herbo,nolimitherbo,gherbo,@gherbo
482,JEONGYEON,twicetagram,twice_tiktok_official,@TWICE
483,Disco Lines,discolines,discolines,@DiscoLines
484,Clipse,clipseofficial,,@OfficialClipse
485,Ozzy Osbourne,ozzyosbourne,ozzyosbourne,@OzzyOsbourne
486,Dareyes de La Sierra,dareyesdelasierraoficial,,@DareyesdelaSierraOficial
487,Mariah the Scientist,mariahthescientist,mariahthescientist,@MariahTheScientist
488,Pierce the Veil,piercetheveil,piercetheveil,@PierceTheVeilBand
